,Comment,Language,Sentiment
0,CURVES GRADES hehehehe,en,1
1,masters the lesson perfectly.,en,1
2,She is very terror but she teaches very well!,en,1
3,"Unenthusiastic, can barely understand what is being taught",en,-1
4,not applicable,en,0
5,Has favoritism among her students,en,-1
6,Very boring and monotonous voice.,en,-1
7,Best Teacher i ever have and really enjoyed her classes,en,1
8,"she tells you she explained everything clearly and precisely in the day of the defense when some professors ask why there are missing information on your papers, but actually she didn't really explain that much.",en,-1
9,Always interact with students during lectures,en,1
10,"Did not absent or missed a class taught the class with passion. We cried when the class ended. That's my ideal professor, passionate in what he does.",en,1
11,"Uses time wisely, no time wasted.",en,1
12,"Learn to listen to your students, the have their voice too.",en,-1
13,Theoretical concepts can be applied to the activities.,en,1
14,Always late.,en,-1
15,Uses boring and tiring methods,en,-1
16,Very professional inside the classroom but is a friend outside.,en,1
17,Doesn't tell the students that there is no class beforehand,en,-1
18,Creative when giving projects,en,1
19,"Did my best, submitted all requirements, passed all the exams, did not absent in her class. But it was not enough because I missed a seatwork.",en,-1
20,He wrote the book we use in class. He explains the lessons in detail,en,1
21,She is good in teaching but she lacks personal skills.,en,-1
22,he teaches wholeheartedly.,en,1
23,Teaches solid concepts,en,1
24,Treats students as own children,en,1
25,Instructions unclear,en,-1
26,Is able to fully deepen our understanding about the subject,en,1
27,Fair in grading system and makes sure that she grades us all fairly,en,1
28,"The slides are long, it is like sleeping pills.",en,-1
29,Knows how to respect and understand the struggles of being a student,en,1
30,The instructions are always complete,en,1
31,has her cane always by her side,en,0
32,"Actually teaches the students. Fair in grading. Has harmonic relationship with students. Can joke around with students. Makes the class interactive, doesn't focus on just discussing the lesson.",en,1
33,"It's like wasting 3 hours everyday of your life when you are in his class. Not good, boring and horrible professor",en,-1
34,"he is extremely brilliant and humble, but doesn't know how to express his intelligence through teaching.",en,-1
35,"teaches well, provides insight (aside from repeating whats on the powerpoint or reading only), treats the students well, approachable and fair",en,1
36,he is detached and challenging,en,-1
37,Focuses too much on the slides given,en,-1
38,Committed to his job,en,1
39,"She is like an energy body, she ran out of positivity.",en,-1
40,Neither of us will pass given that he has a personal hate on us,en,-1
41,Doesn't care whether the students understand the lesson but continues to teach in a poor manner.,en,-1
42,Engaging us on different activities which is good,en,1
43,Incapable,en,-1
44,Wears stripes every wednesday,en,0
45,"To be blunt, he's the most useless human being in the planet. We could have studied the lessons ourselves. No need for him",en,-1
46,His voice is loud and clear.,en,1
47,He doesn't pay attention as much as other professors,en,-1
48,"He inspires us how to learn, not how to get high grades.",en,1
49,he has a missing finger,en,0
50,"His examples are not appropriate, some gets offended.",en,-1
51,Properly teaching us the lesson and is nice. Doing what she needs to do and what she must do,en,1
52,Teaches different techniques,en,1
53,"he is like the books, he knows everything",en,1
54,Confident and well-spoken,en,1
55,Doesn't have good lectures and mostly reads from the ppt,en,-1
56,Doesn't give her students ample time to review for a quiz,en,-1
57,Pushes the students to learn and love the subject,en,1
58,"Approachable, detail oriented, teaches well and not boring during class, engaging, informative when teaching",en,1
59,"she may be late sometimes, but she copes with it immediately and still, the students can be able to learn new things.",en,1
60,Uses book as reference,en,1
61,"I hate him, he keeps on telling us we already know it, in fact, the lessons are alien to us!",en,-1
62,"He almost always was frowning, he started early and dismissed late, targeted the students' insecurities more than objectively critiqueing student's work",en,-1
63,Gives a lot homework,en,-1
64,When they don't have mastery over what they teach and do not respond to genuine questions from the students because the activity they're making students do wasn't taught yet.,en,-1
65,Grading system is Trash and unfair for other students,en,-1
66,No Further Comment,en,0
67,Does not explain the lesson very well,en,-1
68,Good professor inside and outside of the school. Professional at the same time approachable.,en,1
69,"Please make it simple, the lessons are so complicated, yet you make it harder.",en,-1
70,She lets us explore her subject because she does not spoonfed us.,en,1
71,Has a certain mastery of the subject and knows how and do's,en,1
72,"Does not dismiss us on time, other prof gets mad at us because of this.",en,-1
73,Teaches the lesson poorly and lacks the knowledge about the topic.,en,-1
74,Gives bonuses and additional points,en,1
75,"Speechless, she is really a superb teacher",en,1
76,She embarrass you in front of anybody,en,-1
77,He is not only a teacher but father for all of his students,en,1
78,Not Applicable,en,0
79,She is very moody.,en,-1
80,Uses references such as book and factual documents,en,1
81,He/She just reads the powerpoints,en,-1
82,She's just reading her powerpoint presentations and cannot answer her students' questions.,en,-1
83,the teacher is always absent,en,-1
84,She just reads the powerpoints lol,en,-1
85,Likes to play basketball,en,0
86,Favors students who only excel,en,-1
87,"teaching is not the same as sleeping so, teach!",en,-1
88,Charges her phone every session,en,0
89,anything under the sun,en,0
90,Unnecessary criticisms to other students. Does not help students perform better.,en,-1
91,Fully understands the topic and does his/her best to make sure that the students are learning,en,1
92,Brings down the class morale,en,-1
93,Fell down once from his chair lol,en,0
94,He's a terror. He has favoritism when it comes to students.,en,-1
95,Forces students to interact during lectures,en,-1
96,She makes the student discuss the topics via presentations so she wont have to teach,en,-1
97,his exams are based on 5 percent taught material 95% out of the blue materials,en,-1
98,"he is organized, well-prepared, and confident during the lecture.",en,1
99,"He keeps on talking, oh come on, please hear us too.",en,-1
100,Makes the subject interesting.,en,1
101,No elaboration,en,0
102,Hard to talk to,en,-1
103,Terrible at teaching,en,-1
104,strict in a good way.,en,1
105,Requires materials but doesn't use in lectures,en,-1
106,He is passionate in teaching,en,1
107,Always late and unprepared.,en,-1
108,"Be professional, there are times for joking.",en,-1
109,Good credentials,en,1
110,"his favorite line is, ""competitive tayo, guys"".",tlen,1
111,don't know anything about the subject and is boring when it comes to student engagement,en,-1
112,observes the university rules properly.,en,1
113,Sure pass. Gives many exercises as possible and teaches us case by case,en,1
114,Does not have a mastery in his/her teaching,en,-1
115,Gives students time to answer exercises and provides the answer for us to review.,en,1
116,he gives what the students deserve when it comes to grading,en,1
117,Does not take student's personal opinion,en,-1
118,"Enthusiastic when teaching, speaks and teaches clearly, is very forgiving",en,1
119,Promotes competition and teaches various logical methods,en,1
120,Lacks the knowledge about the topic.,en,-1
121,Can't understand what she says,en,-1
122,Worst teacher in the university and possibly in the world,en,-1
123,has good grooming and follows the university's norm.,en,1
124,Has mastery in what he/she is teaching,en,1
125,Give out handouts which is good and is knowledgeable,en,1
126,Sometimes i feel sleepy and sometimes i feel excited,en,0
127,Tries to improve herself each day,en,1
128,Announces quizzes 30 minutes before the quiz.,en,-1
129,puro freecut..... hehehe saktong freecut lang,tlen,-1
130,Interactive and very approachable,en,1
131,WAla na akong tiwala since his opinion is not supported by any claims or studies.,tlen,-1
132,Really knows how to handle pressure and time by being early as possible and dismisses class late as possible,en,1
133,He is knowledgeable at maraming visual aids at slides,tlen,1
134,Has curly hair,en,0
135,"Engaging the students, attentive with the students' questions, and makes sure that the students understand the lessons at hand.",en,1
136,"Please choose your jokes, some are not funny at all.",en,-1
137,He connects real life happenings to the lesson.,en,1
138,Concerned in his students' mental health,en,1
139,She teaches a religious subject yet has mannerisms like that of a street girl.,en,-1
140,Best professor ever. Teaches different cases on a lesson. Grades fairly to students. Makes an old and boring subject interesting.,en,1
141,Uses new techniques to engage the students,en,1
142,Has a lot of wisdom and experience,en,1
143,Always starts the class with a prayer,en,1
144,Dont know how to spell and read. What kind of teacher is she. Neither of the book nor the powerpoint presented were followed.,en,-1
145,Cares for the mental health of the students,en,1
146,He always sleeping in class,en,-1
147,She instills discipline in her students,en,1
148,The same Boring style as last year and disappointed today,en,-1
149,he accepts friend requests on facebook,en,0
150,He relates his subject into the real world,en,1
151,forcing us to do something that we aren't interested or enjoy,en,-1
152,"Confusing, unprofessional with the way they act, loses papers, leaves things to the last minute",en,-1
153,"Mahilig siya sa phrases na ""should there be"", ""play it by ear"" and sa word na ""cascade"" :))))",tlen,0
154,She always angry,en,-1
155,Wears shades when we have a quiz or a test,en,0
156,"Hard to understand, lots of jargons without explanation to what those are.",en,-1
157,She shares her experience to further explain or simplify our lessons.,en,1
158,Gives low grades,en,-1
159,Professional inside and outside the classroom,en,1
160,She/him is sharing knowledge for there student and good comminication on there student,en,1
161,Teaches lessons that can relate to life,en,1
162,Encourages students to do better and to improve,en,1
163,"He only calls the male students to recite, unfair.",en,-1
164,Responds to emails and questions of students,en,1
165,Don't know how to teach properly and always eating in the class as if we have no class. Little to none effort,en,-1
166,Doesn't understand concepts of their own subject.,en,-1
167,Has mastery on the lesson. She can teach the lesson without guides.,en,1
168,Inspires the students to perform better,en,1
169,Doesn't come to class regularly and doesn't teach us anything,en,-1
170,Does not entertain questions.,en,-1
171,Very considerate with his students.,en,1
172,Explains thoroughly,en,1
173,Sir adjusted the pace of his teaching when most of us couldn't catch up,en,1
174,He keeps the whole class entertained while learning at the same time,en,1
175,Not worth my tuition fee,en,-1
176,"Strict in very -1 way, he can suffocate the students.",en,-1
177,Has knowledge on what the real world is presently using. Practical thinker.,en,1
178,"He can make us laugh, and he also feeds our mind with cool stuffs.",en,1
179,Doesn't properly answer student's questions.,en,-1
180,The professor is chubby,en,0
181,Strict and makes a big fuss about every single detail.,en,-1
182,Great interaction/relationship with students,en,1
183,"not always present, doesn't teach the material well, unclear instructions/lessons",en,-1
184,She's very responsive whenever I have questions. And also resourceful because I gained a lot of information from her. She's very accommodating and really nice.,en,1
185,"he seldom comes to class with his infamous announced ""sickness"", yet is a challenging and respected programming professor.",en,-1
186,why you got to be so rude? Don't you know we are human too.,en,-1
187,"being energetic in the class can affect the students, thumbs up for that! ",en,1
188,Teaches us as if we're highschool students,en,0
189,Using assorted colors of markers in teaching,en,0
190,once amonth pumapasok,tlen,-1
191,good ppts and videos,en,1
192,has passion for teaching.,en,1
193,Over looking their student,en,-1
194,Good listener,en,1
195,She uses perfect timing and pronunciation when teaching,en,1
196,Doesn't give a high grade even if you deserve it,en,-1
197,She never leaves the student left out.,en,1
198,Taught me a lot about the Philippine Taxation System,en,1
199,"Rapport with the students is strong, dressed for himself, always went the extra mile to teach students lessons beyond the classroom, got the class interested enough in cultural studies to make them have actual conversations about culture and societal issues transcending classes",en,1
200,Biased,en,-1
201,Fair in grading students.,en,1
202,manyak,tl,-1
203,Marunong siya makisama sa klase,tl,1
204,nakakainis dahil parang masungit at nagagalit pa pag tinatanong namin about sa mga tinuturo nya na para bang bawal namin kwestyunin.,tlen,-1
205,"Ang galing niyo po mangbara, sana ganun din po pagtuturo.",tl,-1
206,Bobo mag turo at alam mong manyak. Makatingin palang parang may balak ng masama,tl,-1
207,Nakikinig siya sa opinyon namin.,tl,1
208,Madadali ang mga pagsusulit.,tl,1
209,Kumpleto siya magturo,tl,1
210,Sinisigurado niya ng naiintindihan ng lahat ang tinuturo niya.,tl,1
211,May manyak akong prof.,tlen,-1
212,Dumadating siya sa tamang oras.,tl,1
213,nakaupo lang sya madalas pagnagtuturo.,tl,-1
214,Nagagalit tuwing nagtatanong ang estudyante.,tl,-1
215,Iba't iba ang tinuturo sa mga estudyante. Walang kasiguraduhan sa tinuturo,tl,-1
216,Ang bilis bilis niya magturo palagi parang may hinahabol siya.,tl,-1
217,Masyadong mataas tingin niya sa sarili niya,tl,-1
218,Siya ay sobrang sungit.,tl,-1
219,MAtamlay at malungkot ang turo,tl,-1
220,"Mabait, magaling magturo.",tl,1
221,Sobrang tamad magturo,tl,-1
222,Natutulog lang siya sa klase.,tl,-1
223,Parang bata yung trato sa student,tlen,-1
224,Marunong siya makisama sa klase.,tl,1
225,Walang nakakagets ng joke niya,tlen,-1
226,"Akala mo kung sinong napakagaling magturo, eh sya lang rin naman nagagalingan sa sariling niya",tl,-1
227,Don't give exams na di pa natututuro yung mga lessons.,tlen,-1
228,Panget ang mga hinahandang lessons at hindi makabuluhan,tlen,-1
229,Isa lang ang tono nang boses niya kaya nakakaantok siya magturo.,tl,-1
230,Mainuuna pa niya iba niyang trabaho kay hindi siya nakakapasok sa klase namin.,tl,-1
231,Bihira siyang absent.,tlen,1
232,Hindi pwedeng walang bumagsak sa klase niya,tl,-1
233,Wala sa lugar magalit,tl,-1
234,"Matutong makibagay sa mga students, di lang sila ang dapat mag-adjust.",tlen,-1
235,Nawawala niya ang mga papel.,tl,-1
236,"Pag ngumuya ka lang galit na galit na, bawal na bawal kumain",tl,-1
237,Palautos siya masyado.,tl,-1
238,Mabilis magsalita at di nakakahabol mga students niya,tlen,-1
239,Nadapa siya pag pasok,tl,0
240,"Hindi katulad nang iba, nirerelate niya yung tinuturo niya sa major naming.",tlen,1
241,Okay lang sa kanyang hindi kami pumasok sa klase niya.,tl,-1
242,Mukhang estudyante,tl,0
243,Talagang matututo ka pag siya nagturo,tl,1
244,May topak pag magalit,tl,-1
245,Binababaaan niya yung vocabulary niya pagnagtuturo kaya mas mabilis namin siyang naiinitindihan,tlen,1
246,kwela siya,tl,1
247,Tinuring ko ng ama at pangalawang magulang dahil sobrang gaan ng loob ng mga estudyante sa kanya at masaya,tl,1
248,Nagalit sa amin at biglang umiyak nang walang dahilan ano na maam,tl,-1
249,Nautot ako ng malakas sa class niya and natawa lang siya. Cool prof,tlen,1
250,Hindi siya tumatanggap nang pagkakamali niya.,tl,-1
251,Tamad na tamad siya kung magturo.,tl,-1
252,Bumabait pag binigyan ng pagkain,tl,1
253,"Nakakaumay siya magturo, paulit-ulit.",tl,-1
254,Nakikinig siya sa opinyon namin,tl,1
255,Walang pakialam kahit hirap na hirap students,tlen,-1
256,Sobrang ganda niya,tl,1
257,Di maayos manamit,tl,-1
258,Nagtuturo ng hakbang-hakbang sagot sa mga katanungan,tl,1
259,Walang ginagamit na visuals. Mahirap magnotes sa klase niya,tlen,-1
260,Hindi siya nagtatanim nang galit sa amin kahit magulo ang klase namin.,tl,1
261,Hindi niya matanggap na nagkakamali siya,tl,-1
262,maayos at natatanggap ang mga critisismo at nagpapakabuti para sa kagaganda ng pagtuturo at ng buhay nya,tl,1
263,She is always absent and baduy ang mga damit,tlen,-1
264,Parang si steph curry pag nagtuturo swak na swak lagi sa kung anong hanap ko.,tl,1
265,Hindi niya iniisip kung nakakakopya ba kami nang notes basta buburahin na lang niya.,tlen,-1
266,Para kong kumakain ng panis na giniling kapag siya natuturo. Di ako natutuwa,tl,-1
267,Malakas ang boses ni Ma'am.,tlen,0
268,Merong matandang kalbo na kala mo magaling.,tl,-1
269,Laging walang pasok ng klase niya,tl,-1
270,Parang duda siya sa mga tinuturo niya.,tl,-1
271,nagbabagsak siya ng estudyante,tl,-1
272,Alam na alam niya yung tinuturo niya,tl,1
273,nakakatawa siya magsalita,tl,0
274,Maaasahan mo lang siya pag nasa loob nang klase.,tl,-1
275,Malabong magpaliwanag sa pagtuturo,tl,-1
276,Sobrang galing magturo,tl,1
277,Laging nagmamarunong at di tumatanggap ng pagkakamali. Di namin siya gusto makasama at maging guro,tl,-1
278,Wala siyang pake kung naiintindihan ba ng estudyante ang tinuturo niya.,tl,-1
279,"Puro kwento, wala namang kwenta!",tl,-1
280,Tinatama niya ang lahat ng maling nakikita.,tl,1
281,"Walang kinikilingan, walang pinoprotektahan, serbisyong totoo lamang.",tl,1
282,Nakakaaliw siya magturo.,tl,1
283,malakas boses,tl,0
284,Masaya lang kasama at malapit sa mga studyante kaya siguro maraming tumuturing sakanyang kuya ng bayan.,tl,1
285,lagi nakatambay sa dapitan,tl,0
286,walang tinuturo,tl,-1
287,Parang nandoon lang para kumita ng pera,tl,-1
288,Ang galing niya kunin yung atensyon ng buong klase,tl,1
289,Napakalupet sumama sa inuman at di sumuko.,tl,1
290,Palagi nalang mainit ulo,tl,-1
291,mahilig din magpamake-up class,tlen,1
292,Maarte,tl,-1
293,Ayaw magpaihi di ko alam bakit,tl,-1
294,Siya ay magulo magturo.,tl,-1
295,Kinikilala niya ang bawat estudyante niya.,tl,1
296,Di tinuturo yung ginagamit sa trabaho,tl,-1
297,Nagdadahilan siyang may sakit kahit na gagala lang siya.,tl,-1
298,Hindi ka na niya kilala pag nasa labas na kayo nang klase.,tl,-1
299,"Guro sa loob ng classroom, kaibigan sa labas. ",tlen,1
300,mahina boses,tl,-1
301,Hindi niya masyado gamay ang itinuturo niya.,tl,-1
302,Siya ay bobo at di alam ang mga sinusulat sa board. Minsan nga di na kami nakikinig kasi mali mali ang mga tinuturo,tlen,-1
303,She is always present and maganda manamit pumapasok,tlen,1
304,Masungit pag inistorbo.,tl,-1
305,Stricto siya pero mabait kung mabait,tl,1
306,Hindi siya nagtuturo.,tl,-1
307,Madaling maintindihan ang kanyang mga lessons.,tlen,1
308,Mabilis magturo. Mahirap magbigay ng quiz.,tlen,-1
309,Kaya niya controlin yung klase kahit sobrang gulo na naming.,tl,1
310,Hindi ko naiintindihan kung ano sinasabi niya,tl,-1
311,Magaling makisama sa estudyante,tl,1
312,Siya ay nakakaantok magturo.,tl,-1
313,Mabilis magturo.,tl,-1
314,nagpabili ng libro tapos hindi ginamit sayang pera,tl,-1
315,Hindi siya tumutupad sa usapan.,tl,-1
316,Hindi nanakakatuwa yung mga biro niya.,tl,-1
317,Hindi siya nagyayabang kahit ang dami na niyang nakamit sa buhay.,tl,1
318,Hindi siya garalgal magsalita.,tl,1
319,Lagi siyang late.,tlen,-1
320,Ang hina ng boses.,tl,-1
321,Siya ay madaling lapitan.,tl,1
322,Palagi niya kami minomotivate tuwing nahihirapan na kami sa mga subject naming,tlen,1
323,Hindi marunong mag turo at laging walang kwenta ang kanyang pinagsasabi,tl,-1
324,"Di lang maganda, magaling pa!",tl,1
325,Siya ay nakakaaliw mag turo.,tl,1
326,Nagagalit without reason lagi kaming sinisisi. Tantrums everyday pag class niya. A,tlen,-1
327,Walang pake sa opinyon ng estudyante,tl,-1
328,Di mo na alam kung anong aaralin or kung ano important sa sinabi niya.,tlen,-1
329,Has unique teaching style kumpara sa iba,tlen,1
330,Pag nagdisscuss na siya parang sobrang bilis lang nang oras,tl,1
331,Walang natutunan sa klase niya,tl,-1
332,Palagi niyang panararamdam na palagi siyang nandiyan pagka kailangan naming nang tulong,tl,1
333,Hindi nambabagsak <3,tl,1
334,Pinapakita niya samin na okay lang manggulang nang iba.,tlen,-1
335,Maayos siya sa gamit.,tl,1
336,Amoy yosi,tl,-1
337,Palagi niya iniisip yung load namin bago siya nagbibigay nang mga assignment.,tlen,1
338,Maraming presentations na nakakabawi ng grade,tlen,1
339,Mahilig siya mang parusa nang estudyante sa walang kadahilanan.,tl,-1
340,Mahirap magbigay ng mga tanong,tl,-1
341,Hindi niya alam na wala kaming naiintidhan sa mga tinuturo niya.,tl,-1
342,"Ang galing sana niya eh, masungit nga lang, kaya wala na kami gana makinig.",tl,-1
343,nakakaloka ang kanyang bangles,tlen,0
344,"Laging maaga sa klase, ganado magturo.",tl,1
345,Stricto siya pero mabait kung mabait.,tl,1
346,Boses niya ay klaro,tl,1
347,Walang pakialam basta makapagturo lang kahit hindi naiintindihan ng estudyante,tl,-1
348,nanganak na siya ngunit mukha pa rin siyang hindi pa nanganganak,tl,0
349,Hindi nagsasabi pag hindi siya makakapasok,tl,-1
350,hindi niya matanggap na mali siya,tl,-1
351,Lagi nalang galit kahit di naman dapat magalit,tl,-1
352,Nung first months nakakaintimidate siua pero din nagbago siya ng tuluyan.,tlen,1
353,Engaging,en,1
354,Ang hinahina nang boses niya.,tl,-1
355,Strikto magturo.,tl,-1
356,Kaibigan kung magturing sa estudyante,tl,1
357,Mabagal siya magexplain kaya mas lalo naming naiintidihan yung lecture.,tlen,1
358,nagmumura sa class,tl,-1
359,Sinisigurado niyang naiintindihan ng mga estudyante nya mga tinuturo niya.,tl,1
360,Alam niya yung pangangailangan namin sa subject niya.,tlen,1
361,Pinapaturo sa mga estudyante niya yung mga kailangan na dapat siya magturo.,tl,-1
362,Napapatahimik niya ang mga estudyante,tl,1
363,"he is inconsiderate, namamahiya pa :(",tlen,-1
364,Mahilig siyang magmura sa klase.,tl,-1
365,"Hindi madaling magalit, ang haba ng pasensya.",tl,1
366,Kaibigan siya sa labas nang klase at proffesor sa loob nang klase.,tl,1
367,ginagamit ang nakaraan niya sa pag tuturo,tl,1
368,"Okay na sana eh, kaso ubod naman ng sungit.",tlen,-1
369,Walang paki kung anong oras dumating,tl,-1
370,minsan di na kami pumapasok dahil wala naman ginagawa sa klase nya at lagi naman siyang absent,tlen,-1
371,Walang siyang isang salita.,tl,-1
372,hindi ko alam kung alam ba niya talaga tinuturo niya or tinatamad lang.,tl,-1
373,mayabang pero matalino,tl,1
374,Willing siyang ulitin ang lesson na malabo sa estudyante.,tlen,1
375,Palagi siyang nagaalok nang tulong kapag ka nahihirapan na kami sa subject niya.,tlen,1
376,Araw araw may dalang kape,tl,0
377,Palaging presentable at maayos sa sarili,tlen,1
378,Nakakapukaw si Sir ng atensyon ng estudyante.,tlen,1
379,Galit sa babae.,tl,-1
380,Mahina ang boses. Walang gamit ang tinuturo sa trabaho,tl,-1
381,Maganda ang kanyang sulat.,tl,1
382,"Laging maaga sa klase, kahangahanga ang galing niya sa pagtuturo. ",tl,1
383,Wala siyang pakialam kung naiintindihan ba naming yung tinuturo niya.,tl,-1
384,Magaling mag turo and keeps inspiring us,tlen,1
385,Palagi niyang nakakalimutan kolectahin yung assignment.,tlen,-1
386,Absent pa more,tlen,-1
387,Sabay sa trip ng mga estudyante,tlen,1
388,Laging absent kaya sa huli student nagsusuffer kasi dami kailangan habulin,tlen,-1
389,Di lumalabas yung mga tinuturo niya sa quiz. Nakakaantok klase niya.,tlen,-1
390,"She always smile, kaya nakakagood vibes.",tlen,1
391,"Hindi detailed mag-turo, out of nowhere biglang may lumalabas na kung anong line sa free-body diagram namin.",tlen,-1
392,Strict sa mga due date ng mga requirements. Expects high performance from his students,tlen,-1
393,"Try to be more approachable, hirap kasi na siya lang yung nagsasalita, we were not able to give our questions",tlen,-1
394,Pa-major ang class niya. Maraming projects,tlen,-1
395,Bastos no respect to women bastos magsalita na may sexual innuendos kapag kausap babae. Kadiri,tlen,-1
396,Very strict sa rules hindi naman nakakaffect sa performance ng students pero big deal pa rin sa kanya.,tlen,-1
397,Mapapaisip ka talaga sa subject niya,tlen,1
398,on time at magaling magpaliwanag,tlen,1
399,Single sided lang siya magturo.,tlen,-1
400,Nagpapanotes pero di lumalabas ang notes sa quizzes.,tlen,-1
401,Hindi niya alam ang lesson nya.,tlen,-1
402,"Kaya double purporse na, natututo ka na, mataas pa nakukuha mong grades. :)",tlen,1
403,"Close pag nasa classroom, pag wala na di na naming maapproach.",tlen,-1
404,Maraming trivias na alam sa tinuturo niya,tlen,1
405,Maraming requirements na hinihingi kada linggo.,tlen,-1
406,"Inconsistent, iba iba magulo",tlen,-1
407,"Parang sleeping pills sa effects, nakakaantok.",tlen,-1
408,Magaling siya na prof at pinapadali yung lessons,tlen,1
409,Unfair magbigay ng grades,tlen,-1
410,"ang gulo ng train of thought niya, nawawala kami",tlen,-1
411,Malawak ang kaalaman sa subject.,tlen,1
412,nakakalimutan niya lagi na nasabi na nya yung joke nya last meeting.,tlen,0
413,mabait pero mahigpit sa requirements at schedule,tlen,1
414,Isa lang na estudyante ang tinatawag pag recitation.,tlen,-1
415,Entertaining magturo. Mataas magbigay ng grade. Fatherly figure.,tlen,1
416,Ang damot niya sa grades.,tlen,-1
417,Sinisisi niya yung klase namin sa pagka badmood niya.,tlen,-1
418,May doctorate degree,tlen,1
419,Madali magbigay ng quiz. Maraming examples na binibigay. May project na nagpapahatak ng grade.,tlen,1
420,Hindi marunong sa technology. Nagalit kasi hindi nagpoproduce ng sound yung projector.,tlen,-1
421,Hindi siya nagchecheck nang attendance.,tlen,-1
422,Fair sa lahat ng students,tlen,1
423,maganda at handa ang lessons at makabuluhan,tlen,1
424,Di kinaklaro yung directions,tlen,-1
425,Ang bilis ng oras kasi masaya magturo si sir,tlen,1
426,Hindi nagbibigay ng make-up quiz kahit valid naman yung reason ng absence,tlen,-1
427,May mga pili lang siyang tinatawag sa recitation.,tlen,-1
428,"rineport niya once section namin dahil di siya dumating before 15 minutes at pagdating niya wala ng buong klase, eh break na namin after nun.",tlen,-1
429,"Yung totoo, tres o singko lang ang alam na ibigay, anong klaseng prof, yan?",tlen,-1
430,Dinidiscuss nang maayos lessons kahit mahirap intindihin clear pa rin,tlen,1
431,Tulog lang nang tulog habang reporting,tlen,-1
432,Madali magpaquiz,tlen,1
433,Mabait at supportive sa mga students,tlen,1
434,"Hindi nakakatuwa mga jokes niya, pero pagnagturo, okay ang galing naman.",tlen,1
435,Puro presentation walang turo,tlen,-1
436,mahilig siya sa PRECISION,tlen,0
437,Binibigyan niya kami ng time after hours kapag nagtatanong kami and hindi ko nagets yung lesson.,tlen,1
438,Ang boring niya magturo.,tlen,-1
439,Mastered na niya yung tinuturo niya at hindi siya nagsasayang ng oras. Iniintindi rin niya ang mga students niya.,tlen,1
440,The best yung mga practical lessons.,tlen,1
441,May itsura yung professor.,tlen,1
442,stricto sa mga requirements pero handa siyang tumulong,tlen,1
443,"Kahit na boring yung subject, pinapaganda pa rin niya yung overall mood ng class by telling jokes or giving some âhugotsâ na funny.",tlen,1
444,Maayos magbigay ng quiz di lang puro memorize,tlen,1
445,"Sakit sa ulo, binabasa niya lang din yung sagot sa ppt.",tlen,-1
446,Bigla-biglang nagka-cancel ng quiz/exam.,tlen,-1
447,Always Absent (Walang naituro samin kahit 1 lesson sa upcoming prelims),tlen,-1
448,Hindi siya malapitan sa consulation period niya.,tlen,-1
449,"Gusto niya lahat on-time, alam niya yung tinuturo niya at laging nagbibigay ng real-life examples para mas madaling maintindihan.",tlen,1
450,Nagpapapresentation para maturo ng students mga dapat niyang ituro,tlen,-1
451,siya mabait at madaling kausap na prof,tlen,1
452,Nagpapatawa during lecture. Maraming binabahagi na katotohanang bagay tungkol sa paksa,tlen,1
453,Nakakahawa yung saya ni sir tuwing papasok siya ng classroom,tlen,1
454,"Naku! :( sobra akong nahihirapansa kanya, he is very challenging in a very positive way :)))))))) HAHAHAHAH!",tlen,-1
455,Nagtuturo naman kaso minsan nakakatamad pasukan all in all i commend him as a professor,tlen,1
456,babang mag-grade tas copy-paste lang naman yung ppt niya,tlen,-1
457,Passionate sa tinuturo. Ramdam mo talaga na gusto niya yung tinuturo niya hindi lang gusto ng pera,tlen,1
458,Nagbibigay si sir ng prizes pag mataas yung score mo sa quiz,tlen,1
459,Late magpaquiz,tlen,-1
460,Magaling makisama and at the same time maayos mag disiplina kaya lahat nakikinig sakanya,tlen,1
461,Very detailed in teaching. Medyo strict in submission specifications pero maganda ang output kapag siya ang prof,tlen,1
462,On-time pumasok. May malasakit sa mga estudyante niya.,tlen,1
463,Palagi siyang nagaalok nang tulong kapag ka nahihirapan na kami sa subject niya,tlen,1
464,Galit na galit kasi labas kami nang labas eh sobrang wala kaming ginagawa sa room ng 3 hours yak,tlen,-1
465,Strict na tao pero lahat ng sinasabi niya full of substance di lang kung ano ano,tlen,1
466,Binigyan ako ni maam ng special project para mahabol yung grade ko <3,tlen,1
467,Magaling siya magturo at malinaw ang kanyang mga delivery. SWABE LANG!,tlen,1
468,Palagi niyang sinisisi sa ibang professor yung pagkakamali niya,tlen,-1
469,"Magaling magturo, may malasakit sa students and very understanding, all in one.",tlen,1
470,Palagi niya kami minomotivate tuwing nahihirapan na kami sa mga subject naming.,tlen,1
471,Tinanggal na sa department namin,tlen,-1
472,Magaling magturo ng theories man or programming and kapag kailangan mo ng tulong niya pwede mo iapproach anytime.,tlen,1
473,Malalapitan kahit personal na problema,tlen,1
474,Nakakapagod yung klase niya. Maraming practical tests.,tlen,-1
475,Naging religion class instead na algorithm ang ituro.,tlen,-1
476,"Hindi katulad nang iba, nirerelate niya yung tinuturo niya sa major naming",tlen,1
477,Trinashtalk yung irregular na student. Bumaba respeto ko sa kanya.,tlen,-1
478,Minsan nakakaoffend na yung jokes mo sir,tlen,-1
479,she is a vampire and she is groot.,en,0
480,bilis niya magturo pero hindi naman nagets ng students.,tlen,-1
481,parang nagu-up and down lang yung jaws niya kapag nagsasaltia. Di ko sya maintindihan,tlen,-1
482,nagpapaquiz siya ng 5-1 items in 15 minutes at kasama pa sa 15 minutes na yung pagstate niya ng questions,tlen,-1
483,Pag nagdisscuss na siya parang sobrang bilis lang nang oras.,tlen,1
484,lagi siyang present sa klase at di kailanman nalate. Gusto ko siyang teacher at sana magtagal siya sa unibersidad,tlen,1
485,"Puro stories, pero connected naman.",tlen,1
486,Palagi niya iniisip yung load naming bago siya nagbibigay nang mga assignment.,tlen,1
487,"Legendary sa building, pangalan pa lang, makamandag na.",tlen,1
488,hindi fair sa grades and students,tlen,-1
489,Nagpapaproject na hindi naman related sa subject niya,tlen,-1
490,Maganda and mga gamit niyang visuals.,tlen,1
491,binabasa lang niya ang powerpoint,tlen,-1
492,Pinepersonal ang estudyante,tlen,-1
493,"Tatawa ka lang ng tatawa but at the same time, di mo napapansin na nanatututo ka na lang",tlen,1
494,Nagjojoke siya everyday para magising class kahit corny consistent.,tlen,1
495,Maraming inspirational quotes na habang tumatagal mas naiinspire kaming students,tlen,1
496,"She is liked barkada to us, kahit sa labas ng classroom nagtuturo",tlen,1
497,"HIndi marunong magpaquiz si maam sa eleap, puro typo tapos mali mali yung checking",tlen,-1
498,Natutulog lang to pag nagrereport kayo,tlen,-1
499,May chix akong prof.,tlen,1
500,namimigay siya ng flat tops kahit na di naman seryoso ang klase namin sa PhilNits. :))))),tlen,1
501,Nanghuhula nang grade,tlen,-1
502,Tambay sa seven eleven,tlen,0
503,mahilig siya magparemovals,tlen,1
504,Sinisisi niya yung mga marker sa mga typo niya sa board.,tlen,-1
505,Walang flow yung tinuturo niya.,tlen,-1
506,Hindi madamot sa grade,tlen,1
507,"Yung mga lumalabas sa quiz niya, ang layo sa mga tinuro niya",tlen,-1
508,"Kahit na prelims or finals, kahit na alam niyang bawal kausapin ang mga students, ichecheer ka pa niya and will make your day brighter even though napaka dilim and napakahirap na ng subject mo.",tlen,1
509,Palagi siyang nang babati pag nasa labas nang classroom,tlen,1
510,"palagi siyang nagsastutter pero alam mong alam niya yung tinuturo niya, problem is, hindi niya maibaba sa level ng student yung way of teaching niya.",tlen,-1
511,Kung saan saan napupunta lesson pag siya nag eexplain.,tlen,-1
512,Palagi siyang late.,tlen,-1
513,"Ginagawa kaming kinder, puro games na lang lagi every meeting, wala naman kaming natututunan, ano na ma'am?",tlen,-1
514,Mahirap magbigay ng problem. High expectation sa students,tlen,-1
515,Sinisigurado niya na everyone can follow his lecture.,tlen,1
516,Mahirap magpaquiz,tlen,-1
517,Palagi niyang kinoconnect sa life yung lessons niya.,tlen,1
518,Buong finals period di pumasok. Walang nakakaintindi sa tinuturo niya,tlen,-1
519,"Alam ang tinuturo, hindi pretentious.",tlen,1
520,Friendly and approachable para maging motivated ang students,tlen,1
521,"Sobrang stressed na ko sa subject, napansin niya sabi wag daw kalimutan yung sarili, okay lang mapagod. Naiintindihan niya pinagdadanaan ng students",tlen,1
522,Laging delay sa schedule.,tlen,-1
523,di ko siya nakitang nakangiti demonyo ata e. Di pa kami pinapakain e apat na oras yung class namin,tlen,-1
524,Sobrang entertaining ginagawa lahat para matawa class,tlen,1
525,Madami siyang ways to present his lesson,tlen,1
526,"Ang hirap ng seatworks and assignments, kaya pag dating sa quiz, madalina! Ang galing",tlen,1
527,Ang hinhin niya! Super! Hina pa ng boses.,tlen,-1
528,Sasabihin niya may assignment kahit wala naman siyang binigay.,tlen,-1
529,May consideration sa mga students niya na may itsura,tlen,-1
530,Parating ginagamit ang cellphone,tlen,-1
531,Alam niya yung pangangailangan naming sa subject niya.,tlen,1
532,Halatang halata na forte niya yung tinuturo niya.,tlen,1
533,"Taeng tae na ko pero ayaw ako palabasin kasi exams raw. Di ako mandadaya maam, natatae lang talaga ko.",tlen,-1
534,Binababaaan niya yung vocabulary niya pagnagtuturo kaya mas mabilis namin siyang naiinitindihan.,tlen,1
535,Masungit magturo. Di nagbibigay ng consideration sa mga estudyante niya. Di ginagamit yung mga powerpoint na binibigay,tlen,-1
536,Nanghuhula ng grade si maam,tlen,-1
537,Merong baklang prof na namemersonal.,tlen,-1
538,Consistent magturo based sa book. Good teaching style,tlen,1
539,"Ayaw na ayaw n'yang tinatama siya, example, kapag mali yung check niya sa quiz, nagagalit",tlen,-1
540,Puro reporting hindi nagtuturo. Kami na nagtuturo sumusweldo lang siya,tlen,-1
541,laging absent yay,tlen,-1
542,Mahilig magjoke sa gitna ng lecture. Marunong makisama sa students,tlen,1
543,Maraming life lessons na matututunan sa class niya.,tlen,1
544,marunong siya magturo pero ginagawang compulsory ang recitation,tlen,-1
545,Hindi siya nagrerespond sa kahit isang email namin.,tlen,-1
546,"In two hours, pinagkakasiya niya yung maraming lesson, ang powerpoint slides niya ay minimum na ang 5-1 ",tlen,-1
547,Maraming visual guides. Gives additional points to students reciting.,tlen,1
548,Bumili ng coke sa Gate One,tlen,0
549,Minsan nasosobrahan siya sa kwento kaya ang tagal bago naming matapos ang isang chapter.,tlen,-1
550,Hindi siya namimigay nang points sa mga kinaiinisan niya estudyante.,tlen,-1
551,"Teaching is his passion, galing!",tlen,1
552,Maraming examples na tinuturo. Nagbibigay ng equal chances sa recitation.,tlen,1
553,Hindi mawawala yung topic na good virtues pag ka nagtuturo siya.,tlen,1
554,"Maayos magpaquiz, lahat ng quiz niya tinuro or sinabi na need aralin.",tlen,1
555,bigtime si sir,tlen,0
556,"matalinong guro, pwedeng kaibigan, madaling lapitan and ang favorite line niya is ""ipagpepray kita anak"", ""kelangan competitive tayo guys"" and ""singko ka na anak"".",tlen,1
557,Sobrang naeengage kami pag siya nagtuturo,tlen,1
558,Nagustuhan ko yung subject na ito dahil sa kanya.,tlen,1
559,"May pagka manyak, may sexual innuendos pag nagdidiscuss",tlen,-1
560,"Ang galing niya, ang daming assignments and seatworks kaya nagegets din namin",tlen,1
561,organized lahat ng lectures niya and he sees to it na nasusunod ang schedule na pinost niya for every lecture/quiz/sw/hw.,tlen,1
562,madaling kausap na prof,tlen,1
563,Maraming incentives na related rin naman sa course namin.,tlen,1
564,Feeling matalino. Di nakikinig sa suggestions ng mga students niya.,tlen,-1
565,Memorization lang pero yung subject networking.,tlen,-1
566,Mataas magbigay ng grade sa students,tlen,1
567,Kaibigan siya sa labas nang klase at professor sa loob nang klase.,tlen,1
568,Mahirap siya magpatest pero natuturo niya nang maigi kaya parang dumadali yung tests.,tlen,1
569,Nagbibigay siya nang make-up test kahit walang valid reason ang pagka absent nang estudyante.,tlen,1
570,"Walang sinabi sinabi si David Blaine, Harry Potter, at Dumbledore sa prof.na tom ang galing magmagic ng grades.",tlen,-1
571,Support evidences on each opinion stated is a must lalo na sa akin at nag iincrease ng tiwala,tlen,1
572,I don't know whats her problem with us. Super sungit at namemersonal.,tlen,-1
573,magaling naman siyang magturo and madaling lapitan kaso mahirap makipagsched sa kanya ng meeting for Thesis kasi palaging busy.,tlen,-1
574,"Magaling siya magturo. Pinagbibigyan ang mga estudyante niya magturo. Kahit nagkakamali, pag may nagcorrect, tinatanggap niya.",tlen,1
575,Pinapaenjoy niya yung mga subject sa students niya. Diverse sa pagturo,tlen,1
576,"ito yung klase ng prof na mahilig sa babae, mas pinapaboran niya nga estudyante niyang babae lalo na kung maganda, sure pass",tlen,-1
577,Laging nakastarbucks,tlen,0
578,Manyak siya and doesn't follow schedules,tlen,-1
579,Napakaganda nya at di kumukupas. WAlang araw na di siya nagturo at higit pa doon di siya nagpapaquiz ng mahirap at laging sure pass,tlen,1
580,"Mentor din siya at the same time, hindi lang basta teacher",tlen,1
581,boring magturo,tlen,-1
582,Masaya at magaling magturo. Yung tipong makukuha mo talaga yung lesson kasi ituturo niya yung mga possible examples na pwedeng mag pop up.,tlen,1
583,Parang hindi niya forte yung tinuturo. Hindi magaling sa subject pero sabi ng iba magaling siya sa cisco.,tlen,-1
584,"Kahit na hindi ka na niya student ngayon, concern pa rin siya sa status mo as a students kung regular ka pa rin ba or may mga failing grades.",tlen,1
585,"she gives you a guide para sa defense, then on the defense day she makes you laglag in forn of other profs.",tlen,-1
586,Hindi niya kami ineentertain sa labas nang klase.,tlen,-1
587,He let his students appreciate the subject he teaches. Di nambabagsak ng student,tlen,1
588,May prof din ako na super nakakaconnect saming students,tlen,1
589,Maraming kwento about life na nirerelate sa lessons. Very interesting lessons.,tlen,1
590,"Sinabi din niya ang makanyang limitasyon, kaya, nagkakaintindihan ang student at ang professors.",tlen,1
591,Superman siya ang dami niya tinuturuan but she manages to know us all.,tlen,1
592,Nagdala si sir ng sobrang daming sardinas sa klase,tlen,0
593,"Does not grade fairly, puro tres or singko lang.",tlen,-1
594,Strict na nga wala pang substance. Wag ka na magturo sir,tlen,-1
595,"Madalas man siyang late, pero pero ang galing naman niya magturo, sobra!",tlen,1
596,Accurate and definite magturo. Hindi kung ano ano lang,tlen,1
597,finollow back ako sa twitter,tlen,0
598,Wala siyang pakialam kung may nagchecheating na sa amin.,tlen,-1
599,Hands-on sa estudyante,tlen,1
600,"Lagi mang late, naiintindihan naman naming yung tinuturo niya.",tlen,1
601,Pwede kumain sa class,tlen,1
602,may sense of fashion na mahilig sa fitted shirt at jeans.,tlen,1
603,Very visual magturo and explain things through application,tlen,1
604,May prof na ggss (gandang ganda sa sarili),tlen,-1
605,"Kahit madalas late, pinakita niya pa rin ang ganda ng history ng pilipinas. Mahusay talaga",tlen,1
606,Lagi ko siyang nakikita naglalakad sa Main Building,tlen,0
607,puro basa sa ppt,tlen,-1
608,Puro kwento at joke kaya nauubos yung time na para sana sa discussion,tlen,-1
609,Mahusay bilang guro at makakarelate ka sa mga sinasabe nya,tlen,1
610,Magaling sana siya magturo kaso palaging absent.,tlen,-1
611,Di nag papaattendance,tlen,-1
612,Walang sense puro storya na walang meaning kahit hindi related sa lessons.,tlen,-1
613,Nagpapaexam ng hindi tinuturo,tlen,-1
614,Ginagawa kaming bata nito ni sir,tlen,-1
615,Conducts a survey kada buwan,tlen,0
616,Concerned talaga siya sa students niya,tlen,1
617,Sa amin niya pinagagawa yung checking nang test papers.,tlen,-1
618,Kulang parati sa oras yung klase. Maarte sa format.,tlen,-1
619,Open to ideas not the same with him. Great lessons kahit minor masarap pa rin pasukan,tlen,1
620,Paborito ko to at masaya mag turo si Ma'am,tlen,1
621,"Para na siyang kapamilya sa amin, he never let us down",tlen,1
622,Maarte magturo. Perfectionist.,tlen,-1
623,Nagjojoke siya para hindi antukin yung buong klase during discussion.,tlen,1
624,"magaling magturo, namamahiya man minsan or palagi, hindi niya pinapabayaan ang estudyante niya na walang alam after ng lecture.",tlen,1
625,Hindi fair mag grade.,tlen,-1
626,"paraan ng pagtuturo niya yung papasagutin ka lang ng activity sa book mula sa first minute hanggang last minute ng klase, every meeting at habang nagsasagot kayo makikita niyo pa siyang natutulog sa table.",tlen,-1
627,Nagbibigay ng reviewer and pointers sa students,tlen,1
628,"siya si robocop, palagi siya may lapel",tlen,0
629,Kahit anong tanong kaya niya sagutin basta tungkol sa lesson,tlen,1
630,"Hindi tulad nang iba, hindi niya inexplain yung mga computation nang grades naming.",tlen,-1
631,Hindi binabasa yung pinapasa namin na essays,tlen,-1
632,"Hanep sa galing! Di na niya kailangan ng book, memorize at alam na alam ang tinuturo.",tlen,1
633,lagi nakangiti at laging naagawan ng projector at whiteboard marker,tlen,1
634,"Walang kabuhay-buhay magturo, parang binabasa lang yung binigay na hand-outs. ",tlen,-1
635,Sobrasobra ang scope nang test niya kaysa sa tinuturo niya.,tlen,-1
636,Hindi naman nya nagagamit yung mga notes na binibigay nya. Di rin kasi nagtuturo kahit madami pa kaming tanong. Napakabobo rin minsan.,tlen,-1
637,Deserve niya ang best prof award,tlen,1
638,Wala siyang pake sa student,tlen,-1
639,"mabait siya as a person pero hindi ganun kagaling magturo, pwede na kumbaga, favorite line nita is ""is it not?""",tlen,-1
640,Magaling magturo at laging prepared sa discussion.,tlen,1
641,Naguupload ng powerpoints para makatulong sa review ng mga estudyante niya,tlen,1
642,"Laging on time kung pumasok, never been absent, never been late",tlen,1
643,Hindi masyadong natuturo yung lumalabas sa test,tlen,-1
644,"Good relationship with students, tropa tropa, teaches and guides well",tlen,1
645,Mahirap magbigay ng proyekto. Nagpapahiya ng mga estudyante.,tlen,-1
646,Puro application walang namang tinuturo. Panay self-study,tlen,-1
647,"Tatawa lang kayo ng tatawa hanggang sa maubos ang time, wala naman kayong natututunan. :(",tlen,-1
648,nakalimutan niya lagi na nasabi na nya yung joke nya last meeting.,tlen,-1
649,"Magaling magturo, patas mag grade",tlen,1
650,Nagtuturo ng iba't ibang technique at forms. Pinapatawa ang mga estudyante niya.,tlen,1
651,Hindi siya nagbibigay nang quiz pagalam niya na hindi pa naming naiintindihan yung lesson.,tlen,1
652,hindi natatakot mambagsak ng buong class,tlen,-1
653,Hindi nakikinig sa suggestion ng student,tlen,-1
654,tinuturo niya sa estudyante ang lessons na pang 3 meetings in 1 meeting.,tlen,-1
655,MAgaling mag turo at alam mong may pinagaralan dahil di siya gumagamit ng slides. Madalas rin siyang magpaquiz ng mahirap pero kaya naman,tlen,1
656,puro fun activities and games,tlen,1
657,"unbelievable mga stories niya, medyo out of this world.",tlen,-1
658,Hirap magpaquiz pero di naman nagtuturo,tlen,-1
659,Dont know kung ano isasagot ko kasi wala naman akong alam sa klase even though im listening,tlen,-1
660,Malimit siyang magtanong kaya bagsak ang marami sa amin sa recitation.,tlen,-1
661,"tas in our first quiz, multiple choice kaso wala projector kaya ginawang identification ",tlen,-1
662,Lagi niya sineset ang mood sa classroom ambiance,tlen,1
663,Malabo magbigay ng mga requirements,tlen,-1
664,Kahit religion subject she is still open to ideas even if it is not the traditional catholic beliefs.,tlen,1
